Category,Indicator,Country,Country Code,Year,Value,Comments,Source Info
Commitment,International Code on Marketing of Breast-milk Substitutes: Legal status of the Code,Afghanistan,AFG,2018,Full provisions in law,,http://apps.who.int/nutrition/landscape/mddetails.aspx?sourcecode=130068
Commitment,International Code on Marketing of Breast-milk Substitutes: Legal status of the Code,Afghanistan,AFG,2020,Substantially aligned with the Code,,http://apps.who.int/nutrition/landscape/mddetails.aspx?sourcecode=325926
Commitment,International Code on Marketing of Breast-milk Substitutes: Legal status of the Code,Åland Islands,ALA,,No data,,
Commitment,International Code on Marketing of Breast-milk Substitutes: Legal status of the Code,Albania,ALB,2018,Full provisions in law,,http://apps.who.int/nutrition/landscape/mddetails.aspx?sourcecode=130068
Commitment,International Code on Marketing of Breast-milk Substitutes: Legal status of the Code,Albania,ALB,2020,Moderately aligned with the Code,,http://apps.who.int/nutrition/landscape/mddetails.aspx?sourcecode=325926
Commitment,International Code on Marketing of Breast-milk Substitutes: Legal status of the Code,Algeria,DZA,2018,Few provisions in law,,http://apps.who.int/nutrition/landscape/mddetails.aspx?sourcecode=130068
Commitment,International Code on Marketing of Breast-milk Substitutes: Legal status of the Code,Algeria,DZA,2020,Some provisions of the Code included,,http://apps.who.int/nutrition/landscape/mddetails.aspx?sourcecode=325926
Commitment,International Code on Marketing of Breast-milk Substitutes: Legal status of the Code,American Samoa,ASM,,No data,,
Commitment,International Code on Marketing of Breast-milk Substitutes: Legal status of the Code,Andorra,AND,2018,Few provisions in law,,http://apps.who.int/nutrition/landscape/mddetails.aspx?sourcecode=130068
Commitment,International Code on Marketing of Breast-milk Substitutes: Legal status of the Code,Andorra,AND,2020,Some provisions of the Code included,,http://apps.who.int/nutrition/landscape/mddetails.aspx?sourcecode=325926
Commitment,International Code on Marketing of Breast-milk Substitutes: Legal status of the Code,Angola,AGO,2018,No legal measures,,http://apps.who.int/nutrition/landscape/mddetails.aspx?sourcecode=130068
Commitment,International Code on Marketing of Breast-milk Substitutes: Legal status of the Code,Angola,AGO,2020,No legal measures,,http://apps.who.int/nutrition/landscape/mddetails.aspx?sourcecode=325926
Commitment,International Code on Marketing of Breast-milk Substitutes: Legal status of the Code,Anguilla,AIA,,No data,,
Commitment,International Code on Marketing of Breast-milk Substitutes: Legal status of the Code,Antigua and Barbuda,ATG,2018,No legal measures,,http://apps.who.int/nutrition/landscape/mddetails.aspx?sourcecode=130068
Commitment,International Code on Marketing of Breast-milk Substitutes: Legal status of the Code,Antigua and Barbuda,ATG,2020,No legal measures,,http://apps.who.int/nutrition/landscape/mddetails.aspx?sourcecode=325926
Commitment,International Code on Marketing of Breast-milk Substitutes: Legal status of the Code,Argentina,ARG,2018,Few provisions in law,,http://apps.who.int/nutrition/landscape/mddetails.aspx?sourcecode=130068
Commitment,International Code on Marketing of Breast-milk Substitutes: Legal status of the Code,Argentina,ARG,2020,No legal measures,,http://apps.who.int/nutrition/landscape/mddetails.aspx?sourcecode=325926
Commitment,International Code on Marketing of Breast-milk Substitutes: Legal status of the Code,Armenia,ARM,2018,Full provisions in law,,http://apps.who.int/nutrition/landscape/mddetails.aspx?sourcecode=130068
Commitment,International Code on Marketing of Breast-milk Substitutes: Legal status of the Code,Armenia,ARM,2020,Substantially aligned with the Code,,http://apps.who.int/nutrition/landscape/mddetails.aspx?sourcecode=325926
Commitment,International Code on Marketing of Breast-milk Substitutes: Legal status of the Code,Aruba,ABW,,No data,,
Commitment,International Code on Marketing of Breast-milk Substitutes: Legal status of the Code,Australia,AUS,2018,No legal measures,,http://apps.who.int/nutrition/landscape/mddetails.aspx?sourcecode=130068
Commitment,International Code on Marketing of Breast-milk Substitutes: Legal status of the Code,Australia,AUS,2020,No legal measures,,http://apps.who.int/nutrition/landscape/mddetails.aspx?sourcecode=325926
Commitment,International Code on Marketing of Breast-milk Substitutes: Legal status of the Code,Austria,AUT,2018,Few provisions in law,,http://apps.who.int/nutrition/landscape/mddetails.aspx?sourcecode=130068
Commitment,International Code on Marketing of Breast-milk Substitutes: Legal status of the Code,Austria,AUT,2020,Some provisions of the Code included,,http://apps.who.int/nutrition/landscape/mddetails.aspx?sourcecode=325926
Commitment,International Code on Marketing of Breast-milk Substitutes: Legal status of the Code,Azerbaijan,AZE,2018,Many provisions in law,,http://apps.who.int/nutrition/landscape/mddetails.aspx?sourcecode=130068
Commitment,International Code on Marketing of Breast-milk Substitutes: Legal status of the Code,Azerbaijan,AZE,2020,Some provisions of the Code included,,http://apps.who.int/nutrition/landscape/mddetails.aspx?sourcecode=325926
Commitment,International Code on Marketing of Breast-milk Substitutes: Legal status of the Code,Bahamas,BHS,2018,No legal measures,,http://apps.who.int/nutrition/landscape/mddetails.aspx?sourcecode=130068
Commitment,International Code on Marketing of Breast-milk Substitutes: Legal status of the Code,Bahamas,BHS,2020,No legal measures,,http://apps.who.int/nutrition/landscape/mddetails.aspx?sourcecode=325926
Commitment,International Code on Marketing of Breast-milk Substitutes: Legal status of the Code,Bahrain,BHR,2018,Full provisions in law,,http://apps.who.int/nutrition/landscape/mddetails.aspx?sourcecode=130068
Commitment,International Code on Marketing of Breast-milk Substitutes: Legal status of the Code,Bahrain,BHR,2020,Substantially aligned with the Code,,http://apps.who.int/nutrition/landscape/mddetails.aspx?sourcecode=325926
Commitment,International Code on Marketing of Breast-milk Substitutes: Legal status of the Code,Bangladesh,BGD,2018,Full provisions in law,,http://apps.who.int/nutrition/landscape/mddetails.aspx?sourcecode=130068
Commitment,International Code on Marketing of Breast-milk Substitutes: Legal status of the Code,Bangladesh,BGD,2020,Substantially aligned with the Code,,http://apps.who.int/nutrition/landscape/mddetails.aspx?sourcecode=325926
Commitment,International Code on Marketing of Breast-milk Substitutes: Legal status of the Code,Barbados,BRB,2018,No legal measures,,http://apps.who.int/nutrition/landscape/mddetails.aspx?sourcecode=130068
Commitment,International Code on Marketing of Breast-milk Substitutes: Legal status of the Code,Barbados,BRB,2020,No legal measures,,http://apps.who.int/nutrition/landscape/mddetails.aspx?sourcecode=325926
Commitment,International Code on Marketing of Breast-milk Substitutes: Legal status of the Code,Belarus,BLR,2018,No legal measures,,http://apps.who.int/nutrition/landscape/mddetails.aspx?sourcecode=130068
Commitment,International Code on Marketing of Breast-milk Substitutes: Legal status of the Code,Belarus,BLR,2020,No legal measures,,http://apps.who.int/nutrition/landscape/mddetails.aspx?sourcecode=325926
Commitment,International Code on Marketing of Breast-milk Substitutes: Legal status of the Code,Belgium,BEL,2018,Few provisions in law,,http://apps.who.int/nutrition/landscape/mddetails.aspx?sourcecode=130068
Commitment,International Code on Marketing of Breast-milk Substitutes: Legal status of the Code,Belgium,BEL,2020,Some provisions of the Code included,,http://apps.who.int/nutrition/landscape/mddetails.aspx?sourcecode=325926
Commitment,International Code on Marketing of Breast-milk Substitutes: Legal status of the Code,Belize,BLZ,2018,No legal measures,,http://apps.who.int/nutrition/landscape/mddetails.aspx?sourcecode=130068
Commitment,International Code on Marketing of Breast-milk Substitutes: Legal status of the Code,Belize,BLZ,2020,No legal measures,,http://apps.who.int/nutrition/landscape/mddetails.aspx?sourcecode=325926
Commitment,International Code on Marketing of Breast-milk Substitutes: Legal status of the Code,Benin,BEN,2018,Full provisions in law,,http://apps.who.int/nutrition/landscape/mddetails.aspx?sourcecode=130068
Commitment,International Code on Marketing of Breast-milk Substitutes: Legal status of the Code,Benin,BEN,2020,Moderately aligned with the Code,,http://apps.who.int/nutrition/landscape/mddetails.aspx?sourcecode=325926
Commitment,International Code on Marketing of Breast-milk Substitutes: Legal status of the Code,Bermuda,BMU,,No data,,
Commitment,International Code on Marketing of Breast-milk Substitutes: Legal status of the Code,Bhutan,BTN,2018,No legal measures,,http://apps.who.int/nutrition/landscape/mddetails.aspx?sourcecode=130068
Commitment,International Code on Marketing of Breast-milk Substitutes: Legal status of the Code,Bhutan,BTN,2020,No legal measures,,http://apps.who.int/nutrition/landscape/mddetails.aspx?sourcecode=325926
Commitment,International Code on Marketing of Breast-milk Substitutes: Legal status of the Code,Bolivia (Plurinational State of),BOL,2018,Full provisions in law,,http://apps.who.int/nutrition/landscape/mddetails.aspx?sourcecode=130068
Commitment,International Code on Marketing of Breast-milk Substitutes: Legal status of the Code,Bolivia (Plurinational State of),BOL,2020,Moderately aligned with the Code,,http://apps.who.int/nutrition/landscape/mddetails.aspx?sourcecode=325926
Commitment,International Code on Marketing of Breast-milk Substitutes: Legal status of the Code,"Bonaire, Saint Eustatius and Saba",BES,,No data,,
Commitment,International Code on Marketing of Breast-milk Substitutes: Legal status of the Code,Bosnia and Herzegovina,BIH,2018,Few provisions in law,,http://apps.who.int/nutrition/landscape/mddetails.aspx?sourcecode=130068
Commitment,International Code on Marketing of Breast-milk Substitutes: Legal status of the Code,Bosnia and Herzegovina,BIH,2020,Some provisions of the Code included,,http://apps.who.int/nutrition/landscape/mddetails.aspx?sourcecode=325926
Commitment,International Code on Marketing of Breast-milk Substitutes: Legal status of the Code,Botswana,BWA,2018,Full provisions in law,,http://apps.who.int/nutrition/landscape/mddetails.aspx?sourcecode=130068
Commitment,International Code on Marketing of Breast-milk Substitutes: Legal status of the Code,Botswana,BWA,2020,Moderately aligned with the Code,,http://apps.who.int/nutrition/landscape/mddetails.aspx?sourcecode=325926
Commitment,International Code on Marketing of Breast-milk Substitutes: Legal status of the Code,Bouvet Island,BVT,,No data,,
Commitment,International Code on Marketing of Breast-milk Substitutes: Legal status of the Code,Brazil,BRA,2018,Full provisions in law,,http://apps.who.int/nutrition/landscape/mddetails.aspx?sourcecode=130068
Commitment,International Code on Marketing of Breast-milk Substitutes: Legal status of the Code,Brazil,BRA,2020,Substantially aligned with the Code,,http://apps.who.int/nutrition/landscape/mddetails.aspx?sourcecode=325926
Commitment,International Code on Marketing of Breast-milk Substitutes: Legal status of the Code,British Indian Ocean Territory,IOT,,No data,,
Commitment,International Code on Marketing of Breast-milk Substitutes: Legal status of the Code,British Virgin Islands,VGB,,No data,,
Commitment,International Code on Marketing of Breast-milk Substitutes: Legal status of the Code,Brunei Darussalam,BRN,2018,No legal measures,,http://apps.who.int/nutrition/landscape/mddetails.aspx?sourcecode=130068
Commitment,International Code on Marketing of Breast-milk Substitutes: Legal status of the Code,Brunei Darussalam,BRN,2020,No legal measures,,http://apps.who.int/nutrition/landscape/mddetails.aspx?sourcecode=325926
Commitment,International Code on Marketing of Breast-milk Substitutes: Legal status of the Code,Bulgaria,BGR,2018,Few provisions in law,,http://apps.who.int/nutrition/landscape/mddetails.aspx?sourcecode=130068
Commitment,International Code on Marketing of Breast-milk Substitutes: Legal status of the Code,Bulgaria,BGR,2020,Some provisions of the Code included,,http://apps.who.int/nutrition/landscape/mddetails.aspx?sourcecode=325926
Commitment,International Code on Marketing of Breast-milk Substitutes: Legal status of the Code,Burkina Faso,BFA,2018,Many provisions in law,,http://apps.who.int/nutrition/landscape/mddetails.aspx?sourcecode=130068
Commitment,International Code on Marketing of Breast-milk Substitutes: Legal status of the Code,Burkina Faso,BFA,2020,Moderately aligned with the Code,,http://apps.who.int/nutrition/landscape/mddetails.aspx?sourcecode=325926
Commitment,International Code on Marketing of Breast-milk Substitutes: Legal status of the Code,Burundi,BDI,2018,Many provisions in law,,http://apps.who.int/nutrition/landscape/mddetails.aspx?sourcecode=130068
Commitment,International Code on Marketing of Breast-milk Substitutes: Legal status of the Code,Burundi,BDI,2020,Substantially aligned with the Code,,http://apps.who.int/nutrition/landscape/mddetails.aspx?sourcecode=325926
Commitment,International Code on Marketing of Breast-milk Substitutes: Legal status of the Code,Cabo Verde,CPV,2018,Full provisions in law,,http://apps.who.int/nutrition/landscape/mddetails.aspx?sourcecode=130068
Commitment,International Code on Marketing of Breast-milk Substitutes: Legal status of the Code,Cabo Verde,CPV,2020,Moderately aligned with the Code,,http://apps.who.int/nutrition/landscape/mddetails.aspx?sourcecode=325926
Commitment,International Code on Marketing of Breast-milk Substitutes: Legal status of the Code,Cambodia,KHM,2018,Many provisions in law,,http://apps.who.int/nutrition/landscape/mddetails.aspx?sourcecode=130068
Commitment,International Code on Marketing of Breast-milk Substitutes: Legal status of the Code,Cambodia,KHM,2020,Moderately aligned with the Code,,http://apps.who.int/nutrition/landscape/mddetails.aspx?sourcecode=325926
Commitment,International Code on Marketing of Breast-milk Substitutes: Legal status of the Code,Cameroon,CMR,2018,Many provisions in law,,http://apps.who.int/nutrition/landscape/mddetails.aspx?sourcecode=130068
Commitment,International Code on Marketing of Breast-milk Substitutes: Legal status of the Code,Cameroon,CMR,2020,Some provisions of the Code included,,http://apps.who.int/nutrition/landscape/mddetails.aspx?sourcecode=325926
Commitment,International Code on Marketing of Breast-milk Substitutes: Legal status of the Code,Canada,CAN,2018,No legal measures,,http://apps.who.int/nutrition/landscape/mddetails.aspx?sourcecode=130068
Commitment,International Code on Marketing of Breast-milk Substitutes: Legal status of the Code,Canada,CAN,2020,No legal measures,,http://apps.who.int/nutrition/landscape/mddetails.aspx?sourcecode=325926
Commitment,International Code on Marketing of Breast-milk Substitutes: Legal status of the Code,Cayman Islands,CYM,,No data,,
Commitment,International Code on Marketing of Breast-milk Substitutes: Legal status of the Code,Central African Republic,CAF,2018,No legal measures,,http://apps.who.int/nutrition/landscape/mddetails.aspx?sourcecode=130068
Commitment,International Code on Marketing of Breast-milk Substitutes: Legal status of the Code,Central African Republic,CAF,2020,No legal measures,,http://apps.who.int/nutrition/landscape/mddetails.aspx?sourcecode=325926
Commitment,International Code on Marketing of Breast-milk Substitutes: Legal status of the Code,Chad,TCD,2018,No legal measures,,http://apps.who.int/nutrition/landscape/mddetails.aspx?sourcecode=130068
Commitment,International Code on Marketing of Breast-milk Substitutes: Legal status of the Code,Chad,TCD,2020,Moderately aligned with the Code,,http://apps.who.int/nutrition/landscape/mddetails.aspx?sourcecode=325926
Commitment,International Code on Marketing of Breast-milk Substitutes: Legal status of the Code,Chile,CHL,2018,Few provisions in law,,http://apps.who.int/nutrition/landscape/mddetails.aspx?sourcecode=130068
Commitment,International Code on Marketing of Breast-milk Substitutes: Legal status of the Code,Chile,CHL,2020,Some provisions of the Code included,,http://apps.who.int/nutrition/landscape/mddetails.aspx?sourcecode=325926
Commitment,International Code on Marketing of Breast-milk Substitutes: Legal status of the Code,China,CHN,2018,Few provisions in law,,http://apps.who.int/nutrition/landscape/mddetails.aspx?sourcecode=130068
Commitment,International Code on Marketing of Breast-milk Substitutes: Legal status of the Code,China,CHN,2020,Some provisions of the Code included,,http://apps.who.int/nutrition/landscape/mddetails.aspx?sourcecode=325926
Commitment,International Code on Marketing of Breast-milk Substitutes: Legal status of the Code,"China, Hong Kong SAR",HKG,,No data,,
Commitment,International Code on Marketing of Breast-milk Substitutes: Legal status of the Code,"China, Macao SAR",MAC,,No data,,
Commitment,International Code on Marketing of Breast-milk Substitutes: Legal status of the Code,"China, Province of Taiwan",TWN,,No data,,
Commitment,International Code on Marketing of Breast-milk Substitutes: Legal status of the Code,Christmas Island,CXR,,No data,,
Commitment,International Code on Marketing of Breast-milk Substitutes: Legal status of the Code,Cocos (Keeling) Islands,CCK,,No data,,
Commitment,International Code on Marketing of Breast-milk Substitutes: Legal status of the Code,Colombia,COL,2018,Many provisions in law,,http://apps.who.int/nutrition/landscape/mddetails.aspx?sourcecode=130068
Commitment,International Code on Marketing of Breast-milk Substitutes: Legal status of the Code,Colombia,COL,2020,Moderately aligned with the Code,,http://apps.who.int/nutrition/landscape/mddetails.aspx?sourcecode=325926
Commitment,International Code on Marketing of Breast-milk Substitutes: Legal status of the Code,Comoros,COM,2018,Many provisions in law,,http://apps.who.int/nutrition/landscape/mddetails.aspx?sourcecode=130068
Commitment,International Code on Marketing of Breast-milk Substitutes: Legal status of the Code,Comoros,COM,2020,Moderately aligned with the Code,,http://apps.who.int/nutrition/landscape/mddetails.aspx?sourcecode=325926
Commitment,International Code on Marketing of Breast-milk Substitutes: Legal status of the Code,Congo,COG,2018,No legal measures,,http://apps.who.int/nutrition/landscape/mddetails.aspx?sourcecode=130068
Commitment,International Code on Marketing of Breast-milk Substitutes: Legal status of the Code,Congo,COG,2020,No legal measures,,http://apps.who.int/nutrition/landscape/mddetails.aspx?sourcecode=325926
Commitment,International Code on Marketing of Breast-milk Substitutes: Legal status of the Code,Cook Islands,COK,2018,No legal measures,,http://apps.who.int/nutrition/landscape/mddetails.aspx?sourcecode=130068
Commitment,International Code on Marketing of Breast-milk Substitutes: Legal status of the Code,Cook Islands,COK,2020,No legal measures,,http://apps.who.int/nutrition/landscape/mddetails.aspx?sourcecode=325926
Commitment,International Code on Marketing of Breast-milk Substitutes: Legal status of the Code,Costa Rica,CRI,2018,Many provisions in law,,http://apps.who.int/nutrition/landscape/mddetails.aspx?sourcecode=130068
Commitment,International Code on Marketing of Breast-milk Substitutes: Legal status of the Code,Costa Rica,CRI,2020,Moderately aligned with the Code,,http://apps.who.int/nutrition/landscape/mddetails.aspx?sourcecode=325926
Commitment,International Code on Marketing of Breast-milk Substitutes: Legal status of the Code,Côte d'Ivoire,CIV,2018,Many provisions in law,,http://apps.who.int/nutrition/landscape/mddetails.aspx?sourcecode=130068
Commitment,International Code on Marketing of Breast-milk Substitutes: Legal status of the Code,Côte d'Ivoire,CIV,2020,Moderately aligned with the Code,,http://apps.who.int/nutrition/landscape/mddetails.aspx?sourcecode=325926
Commitment,International Code on Marketing of Breast-milk Substitutes: Legal status of the Code,Croatia,HRV,2018,Few provisions in law,,http://apps.who.int/nutrition/landscape/mddetails.aspx?sourcecode=130068
Commitment,International Code on Marketing of Breast-milk Substitutes: Legal status of the Code,Croatia,HRV,2020,Some provisions of the Code included,,http://apps.who.int/nutrition/landscape/mddetails.aspx?sourcecode=325926
Commitment,International Code on Marketing of Breast-milk Substitutes: Legal status of the Code,Cuba,CUB,2018,Few provisions in law,,http://apps.who.int/nutrition/landscape/mddetails.aspx?sourcecode=130068
Commitment,International Code on Marketing of Breast-milk Substitutes: Legal status of the Code,Cuba,CUB,2020,No legal measures,,http://apps.who.int/nutrition/landscape/mddetails.aspx?sourcecode=325926
Commitment,International Code on Marketing of Breast-milk Substitutes: Legal status of the Code,Curaçao,CUW,,No data,,
Commitment,International Code on Marketing of Breast-milk Substitutes: Legal status of the Code,Cyprus,CYP,2018,Few provisions in law,,http://apps.who.int/nutrition/landscape/mddetails.aspx?sourcecode=130068
Commitment,International Code on Marketing of Breast-milk Substitutes: Legal status of the Code,Cyprus,CYP,2020,Some provisions of the Code included,,http://apps.who.int/nutrition/landscape/mddetails.aspx?sourcecode=325926
Commitment,International Code on Marketing of Breast-milk Substitutes: Legal status of the Code,Czechia,CZE,2018,Few provisions in law,,http://apps.who.int/nutrition/landscape/mddetails.aspx?sourcecode=130068
Commitment,International Code on Marketing of Breast-milk Substitutes: Legal status of the Code,Czechia,CZE,2020,Some provisions of the Code included,,http://apps.who.int/nutrition/landscape/mddetails.aspx?sourcecode=325926
Commitment,International Code on Marketing of Breast-milk Substitutes: Legal status of the Code,Democratic People's Republic of Korea,PRK,2018,No legal measures,,http://apps.who.int/nutrition/landscape/mddetails.aspx?sourcecode=130068
Commitment,International Code on Marketing of Breast-milk Substitutes: Legal status of the Code,Democratic People's Republic of Korea,PRK,2020,No legal measures,,http://apps.who.int/nutrition/landscape/mddetails.aspx?sourcecode=325926
Commitment,International Code on Marketing of Breast-milk Substitutes: Legal status of the Code,Democratic Republic of the Congo,COD,2018,Many provisions in law,,http://apps.who.int/nutrition/landscape/mddetails.aspx?sourcecode=130068
Commitment,International Code on Marketing of Breast-milk Substitutes: Legal status of the Code,Democratic Republic of the Congo,COD,2020,Moderately aligned with the Code,,http://apps.who.int/nutrition/landscape/mddetails.aspx?sourcecode=325926
Commitment,International Code on Marketing of Breast-milk Substitutes: Legal status of the Code,Denmark,DNK,2018,Few provisions in law,,http://apps.who.int/nutrition/landscape/mddetails.aspx?sourcecode=130068
Commitment,International Code on Marketing of Breast-milk Substitutes: Legal status of the Code,Denmark,DNK,2020,Some provisions of the Code included,,http://apps.who.int/nutrition/landscape/mddetails.aspx?sourcecode=325926
Commitment,International Code on Marketing of Breast-milk Substitutes: Legal status of the Code,Djibouti,DJI,2018,Few provisions in law,,http://apps.who.int/nutrition/landscape/mddetails.aspx?sourcecode=130068
Commitment,International Code on Marketing of Breast-milk Substitutes: Legal status of the Code,Djibouti,DJI,2020,Moderately aligned with the Code,,http://apps.who.int/nutrition/landscape/mddetails.aspx?sourcecode=325926
Commitment,International Code on Marketing of Breast-milk Substitutes: Legal status of the Code,Dominica,DMA,2018,No legal measures,,http://apps.who.int/nutrition/landscape/mddetails.aspx?sourcecode=130068
Commitment,International Code on Marketing of Breast-milk Substitutes: Legal status of the Code,Dominica,DMA,2020,No legal measures,,http://apps.who.int/nutrition/landscape/mddetails.aspx?sourcecode=325926
Commitment,International Code on Marketing of Breast-milk Substitutes: Legal status of the Code,Dominican Republic,DOM,2018,Full provisions in law,,http://apps.who.int/nutrition/landscape/mddetails.aspx?sourcecode=130068
Commitment,International Code on Marketing of Breast-milk Substitutes: Legal status of the Code,Dominican Republic,DOM,2020,Moderately aligned with the Code,,http://apps.who.int/nutrition/landscape/mddetails.aspx?sourcecode=325926
Commitment,International Code on Marketing of Breast-milk Substitutes: Legal status of the Code,Ecuador,ECU,2018,Few provisions in law,,http://apps.who.int/nutrition/landscape/mddetails.aspx?sourcecode=130068
Commitment,International Code on Marketing of Breast-milk Substitutes: Legal status of the Code,Ecuador,ECU,2020,Some provisions of the Code included,,http://apps.who.int/nutrition/landscape/mddetails.aspx?sourcecode=325926
Commitment,International Code on Marketing of Breast-milk Substitutes: Legal status of the Code,Egypt,EGY,2018,Many provisions in law,,http://apps.who.int/nutrition/landscape/mddetails.aspx?sourcecode=130068
Commitment,International Code on Marketing of Breast-milk Substitutes: Legal status of the Code,Egypt,EGY,2020,Some provisions of the Code included,,http://apps.who.int/nutrition/landscape/mddetails.aspx?sourcecode=325926
Commitment,International Code on Marketing of Breast-milk Substitutes: Legal status of the Code,El Salvador,SLV,2018,Many provisions in law,,http://apps.who.int/nutrition/landscape/mddetails.aspx?sourcecode=130068
Commitment,International Code on Marketing of Breast-milk Substitutes: Legal status of the Code,El Salvador,SLV,2020,Moderately aligned with the Code,,http://apps.who.int/nutrition/landscape/mddetails.aspx?sourcecode=325926
Commitment,International Code on Marketing of Breast-milk Substitutes: Legal status of the Code,Equatorial Guinea,GNQ,2018,No legal measures,,http://apps.who.int/nutrition/landscape/mddetails.aspx?sourcecode=130068
Commitment,International Code on Marketing of Breast-milk Substitutes: Legal status of the Code,Equatorial Guinea,GNQ,2020,No legal measures,,http://apps.who.int/nutrition/landscape/mddetails.aspx?sourcecode=325926
Commitment,International Code on Marketing of Breast-milk Substitutes: Legal status of the Code,Eritrea,ERI,2018,No legal measures,,http://apps.who.int/nutrition/landscape/mddetails.aspx?sourcecode=130068
Commitment,International Code on Marketing of Breast-milk Substitutes: Legal status of the Code,Eritrea,ERI,2020,No legal measures,,http://apps.who.int/nutrition/landscape/mddetails.aspx?sourcecode=325926
Commitment,International Code on Marketing of Breast-milk Substitutes: Legal status of the Code,Estonia,EST,2018,Few provisions in law,,http://apps.who.int/nutrition/landscape/mddetails.aspx?sourcecode=130068
Commitment,International Code on Marketing of Breast-milk Substitutes: Legal status of the Code,Estonia,EST,2020,Some provisions of the Code included,,http://apps.who.int/nutrition/landscape/mddetails.aspx?sourcecode=325926
Commitment,International Code on Marketing of Breast-milk Substitutes: Legal status of the Code,Eswatini,SWZ,2018,No legal measures,,http://apps.who.int/nutrition/landscape/mddetails.aspx?sourcecode=130068
Commitment,International Code on Marketing of Breast-milk Substitutes: Legal status of the Code,Eswatini,SWZ,2020,No legal measures,,http://apps.who.int/nutrition/landscape/mddetails.aspx?sourcecode=325926
Commitment,International Code on Marketing of Breast-milk Substitutes: Legal status of the Code,Ethiopia,ETH,2018,Few provisions in law,,http://apps.who.int/nutrition/landscape/mddetails.aspx?sourcecode=130068
Commitment,International Code on Marketing of Breast-milk Substitutes: Legal status of the Code,Ethiopia,ETH,2020,Some provisions of the Code included,,http://apps.who.int/nutrition/landscape/mddetails.aspx?sourcecode=325926
Commitment,International Code on Marketing of Breast-milk Substitutes: Legal status of the Code,Falkland Islands (Malvinas),FLK,,No data,,
Commitment,International Code on Marketing of Breast-milk Substitutes: Legal status of the Code,Faroe Islands,FRO,,No data,,
Commitment,International Code on Marketing of Breast-milk Substitutes: Legal status of the Code,Fiji,FJI,2018,Many provisions in law,,http://apps.who.int/nutrition/landscape/mddetails.aspx?sourcecode=130068
Commitment,International Code on Marketing of Breast-milk Substitutes: Legal status of the Code,Fiji,FJI,2020,Substantially aligned with the Code,,http://apps.who.int/nutrition/landscape/mddetails.aspx?sourcecode=325926
Commitment,International Code on Marketing of Breast-milk Substitutes: Legal status of the Code,Finland,FIN,2018,Few provisions in law,,http://apps.who.int/nutrition/landscape/mddetails.aspx?sourcecode=130068
Commitment,International Code on Marketing of Breast-milk Substitutes: Legal status of the Code,Finland,FIN,2020,Some provisions of the Code included,,http://apps.who.int/nutrition/landscape/mddetails.aspx?sourcecode=325926
Commitment,International Code on Marketing of Breast-milk Substitutes: Legal status of the Code,France,FRA,2018,Few provisions in law,,http://apps.who.int/nutrition/landscape/mddetails.aspx?sourcecode=130068
Commitment,International Code on Marketing of Breast-milk Substitutes: Legal status of the Code,France,FRA,2020,Some provisions of the Code included,,http://apps.who.int/nutrition/landscape/mddetails.aspx?sourcecode=325926
Commitment,International Code on Marketing of Breast-milk Substitutes: Legal status of the Code,French Guiana,GUF,,No data,,
Commitment,International Code on Marketing of Breast-milk Substitutes: Legal status of the Code,French Polynesia,PYF,,No data,,
Commitment,International Code on Marketing of Breast-milk Substitutes: Legal status of the Code,French Southern Territories,ATF,,No data,,
Commitment,International Code on Marketing of Breast-milk Substitutes: Legal status of the Code,Gabon,GAB,2018,Full provisions in law,,http://apps.who.int/nutrition/landscape/mddetails.aspx?sourcecode=130068
Commitment,International Code on Marketing of Breast-milk Substitutes: Legal status of the Code,Gabon,GAB,2020,Moderately aligned with the Code,,http://apps.who.int/nutrition/landscape/mddetails.aspx?sourcecode=325926
Commitment,International Code on Marketing of Breast-milk Substitutes: Legal status of the Code,Gambia,GMB,2018,Full provisions in law,,http://apps.who.int/nutrition/landscape/mddetails.aspx?sourcecode=130068
Commitment,International Code on Marketing of Breast-milk Substitutes: Legal status of the Code,Gambia,GMB,2020,Substantially aligned with the Code,,http://apps.who.int/nutrition/landscape/mddetails.aspx?sourcecode=325926
Commitment,International Code on Marketing of Breast-milk Substitutes: Legal status of the Code,Georgia,GEO,2018,Full provisions in law,,http://apps.who.int/nutrition/landscape/mddetails.aspx?sourcecode=130068
Commitment,International Code on Marketing of Breast-milk Substitutes: Legal status of the Code,Georgia,GEO,2020,Moderately aligned with the Code,,http://apps.who.int/nutrition/landscape/mddetails.aspx?sourcecode=325926
Commitment,International Code on Marketing of Breast-milk Substitutes: Legal status of the Code,Germany,DEU,2018,Few provisions in law,,http://apps.who.int/nutrition/landscape/mddetails.aspx?sourcecode=130068
Commitment,International Code on Marketing of Breast-milk Substitutes: Legal status of the Code,Germany,DEU,2020,Some provisions of the Code included,,http://apps.who.int/nutrition/landscape/mddetails.aspx?sourcecode=325926
Commitment,International Code on Marketing of Breast-milk Substitutes: Legal status of the Code,Ghana,GHA,2018,Full provisions in law,,http://apps.who.int/nutrition/landscape/mddetails.aspx?sourcecode=130068
Commitment,International Code on Marketing of Breast-milk Substitutes: Legal status of the Code,Ghana,GHA,2020,Substantially aligned with the Code,,http://apps.who.int/nutrition/landscape/mddetails.aspx?sourcecode=325926
Commitment,International Code on Marketing of Breast-milk Substitutes: Legal status of the Code,Gibraltar,GIB,,No data,,
Commitment,International Code on Marketing of Breast-milk Substitutes: Legal status of the Code,Greece,GRC,2018,Few provisions in law,,http://apps.who.int/nutrition/landscape/mddetails.aspx?sourcecode=130068
Commitment,International Code on Marketing of Breast-milk Substitutes: Legal status of the Code,Greece,GRC,2020,Some provisions of the Code included,,http://apps.who.int/nutrition/landscape/mddetails.aspx?sourcecode=325926
Commitment,International Code on Marketing of Breast-milk Substitutes: Legal status of the Code,Greenland,GRL,,No data,,
Commitment,International Code on Marketing of Breast-milk Substitutes: Legal status of the Code,Grenada,GRD,2018,No legal measures,,http://apps.who.int/nutrition/landscape/mddetails.aspx?sourcecode=130068
Commitment,International Code on Marketing of Breast-milk Substitutes: Legal status of the Code,Grenada,GRD,2020,No legal measures,,http://apps.who.int/nutrition/landscape/mddetails.aspx?sourcecode=325926
Commitment,International Code on Marketing of Breast-milk Substitutes: Legal status of the Code,Guadeloupe,GLP,,No data,,
Commitment,International Code on Marketing of Breast-milk Substitutes: Legal status of the Code,Guam,GUM,,No data,,
Commitment,International Code on Marketing of Breast-milk Substitutes: Legal status of the Code,Guatemala,GTM,2018,Many provisions in law,,http://apps.who.int/nutrition/landscape/mddetails.aspx?sourcecode=130068
Commitment,International Code on Marketing of Breast-milk Substitutes: Legal status of the Code,Guatemala,GTM,2020,Moderately aligned with the Code,,http://apps.who.int/nutrition/landscape/mddetails.aspx?sourcecode=325926
Commitment,International Code on Marketing of Breast-milk Substitutes: Legal status of the Code,Guernsey,GGY,,No data,,
Commitment,International Code on Marketing of Breast-milk Substitutes: Legal status of the Code,Guinea,GIN,2018,No legal measures,,http://apps.who.int/nutrition/landscape/mddetails.aspx?sourcecode=130068
Commitment,International Code on Marketing of Breast-milk Substitutes: Legal status of the Code,Guinea,GIN,2020,No legal measures,,http://apps.who.int/nutrition/landscape/mddetails.aspx?sourcecode=325926
Commitment,International Code on Marketing of Breast-milk Substitutes: Legal status of the Code,Guinea-Bissau,GNB,2018,Few provisions in law,,http://apps.who.int/nutrition/landscape/mddetails.aspx?sourcecode=130068
Commitment,International Code on Marketing of Breast-milk Substitutes: Legal status of the Code,Guinea-Bissau,GNB,2020,Some provisions of the Code included,,http://apps.who.int/nutrition/landscape/mddetails.aspx?sourcecode=325926
Commitment,International Code on Marketing of Breast-milk Substitutes: Legal status of the Code,Guyana,GUY,2018,No legal measures,,http://apps.who.int/nutrition/landscape/mddetails.aspx?sourcecode=130068
Commitment,International Code on Marketing of Breast-milk Substitutes: Legal status of the Code,Guyana,GUY,2020,No legal measures,,http://apps.who.int/nutrition/landscape/mddetails.aspx?sourcecode=325926
Commitment,International Code on Marketing of Breast-milk Substitutes: Legal status of the Code,Haiti,HTI,2018,No legal measures,,http://apps.who.int/nutrition/landscape/mddetails.aspx?sourcecode=130068
Commitment,International Code on Marketing of Breast-milk Substitutes: Legal status of the Code,Haiti,HTI,2020,No legal measures,,http://apps.who.int/nutrition/landscape/mddetails.aspx?sourcecode=325926
Commitment,International Code on Marketing of Breast-milk Substitutes: Legal status of the Code,Heard Island and McDonald Islands,HMD,,No data,,
Commitment,International Code on Marketing of Breast-milk Substitutes: Legal status of the Code,Holy See,VAT,,No data,,
Commitment,International Code on Marketing of Breast-milk Substitutes: Legal status of the Code,Honduras,HND,2018,Few provisions in law,,http://apps.who.int/nutrition/landscape/mddetails.aspx?sourcecode=130068
Commitment,International Code on Marketing of Breast-milk Substitutes: Legal status of the Code,Honduras,HND,2020,Some provisions of the Code included,,http://apps.who.int/nutrition/landscape/mddetails.aspx?sourcecode=325926
Commitment,International Code on Marketing of Breast-milk Substitutes: Legal status of the Code,Hungary,HUN,2018,Few provisions in law,,http://apps.who.int/nutrition/landscape/mddetails.aspx?sourcecode=130068
Commitment,International Code on Marketing of Breast-milk Substitutes: Legal status of the Code,Hungary,HUN,2020,Some provisions of the Code included,,http://apps.who.int/nutrition/landscape/mddetails.aspx?sourcecode=325926
Commitment,International Code on Marketing of Breast-milk Substitutes: Legal status of the Code,Iceland,ISL,2018,Few provisions in law,,http://apps.who.int/nutrition/landscape/mddetails.aspx?sourcecode=130068
Commitment,International Code on Marketing of Breast-milk Substitutes: Legal status of the Code,Iceland,ISL,2020,Some provisions of the Code included,,http://apps.who.int/nutrition/landscape/mddetails.aspx?sourcecode=325926
Commitment,International Code on Marketing of Breast-milk Substitutes: Legal status of the Code,India,IND,2018,Full provisions in law,,http://apps.who.int/nutrition/landscape/mddetails.aspx?sourcecode=130068
Commitment,International Code on Marketing of Breast-milk Substitutes: Legal status of the Code,India,IND,2020,Substantially aligned with the Code,,http://apps.who.int/nutrition/landscape/mddetails.aspx?sourcecode=325926
Commitment,International Code on Marketing of Breast-milk Substitutes: Legal status of the Code,Indonesia,IDN,2018,Many provisions in law,,http://apps.who.int/nutrition/landscape/mddetails.aspx?sourcecode=130068
Commitment,International Code on Marketing of Breast-milk Substitutes: Legal status of the Code,Indonesia,IDN,2020,Moderately aligned with the Code,,http://apps.who.int/nutrition/landscape/mddetails.aspx?sourcecode=325926
Commitment,International Code on Marketing of Breast-milk Substitutes: Legal status of the Code,Iran (Islamic Republic of),IRN,2018,Few provisions in law,,http://apps.who.int/nutrition/landscape/mddetails.aspx?sourcecode=130068
Commitment,International Code on Marketing of Breast-milk Substitutes: Legal status of the Code,Iran (Islamic Republic of),IRN,2020,Some provisions of the Code included,,http://apps.who.int/nutrition/landscape/mddetails.aspx?sourcecode=325926
Commitment,International Code on Marketing of Breast-milk Substitutes: Legal status of the Code,Iraq,IRQ,2018,Few provisions in law,,http://apps.who.int/nutrition/landscape/mddetails.aspx?sourcecode=130068
Commitment,International Code on Marketing of Breast-milk Substitutes: Legal status of the Code,Iraq,IRQ,2020,Some provisions of the Code included,,http://apps.who.int/nutrition/landscape/mddetails.aspx?sourcecode=325926
Commitment,International Code on Marketing of Breast-milk Substitutes: Legal status of the Code,Ireland,IRL,2018,Few provisions in law,,http://apps.who.int/nutrition/landscape/mddetails.aspx?sourcecode=130068
Commitment,International Code on Marketing of Breast-milk Substitutes: Legal status of the Code,Ireland,IRL,2020,Some provisions of the Code included,,http://apps.who.int/nutrition/landscape/mddetails.aspx?sourcecode=325926
Commitment,International Code on Marketing of Breast-milk Substitutes: Legal status of the Code,Isle of Man,IMN,,No data,,
Commitment,International Code on Marketing of Breast-milk Substitutes: Legal status of the Code,Israel,ISR,2018,No legal measures,,http://apps.who.int/nutrition/landscape/mddetails.aspx?sourcecode=130068
Commitment,International Code on Marketing of Breast-milk Substitutes: Legal status of the Code,Israel,ISR,2020,No legal measures,,http://apps.who.int/nutrition/landscape/mddetails.aspx?sourcecode=325926
Commitment,International Code on Marketing of Breast-milk Substitutes: Legal status of the Code,Italy,ITA,2018,Few provisions in law,,http://apps.who.int/nutrition/landscape/mddetails.aspx?sourcecode=130068
Commitment,International Code on Marketing of Breast-milk Substitutes: Legal status of the Code,Italy,ITA,2020,Some provisions of the Code included,,http://apps.who.int/nutrition/landscape/mddetails.aspx?sourcecode=325926
Commitment,International Code on Marketing of Breast-milk Substitutes: Legal status of the Code,Jamaica,JAM,2018,No legal measures,,http://apps.who.int/nutrition/landscape/mddetails.aspx?sourcecode=130068
Commitment,International Code on Marketing of Breast-milk Substitutes: Legal status of the Code,Jamaica,JAM,2020,No legal measures,,http://apps.who.int/nutrition/landscape/mddetails.aspx?sourcecode=325926
Commitment,International Code on Marketing of Breast-milk Substitutes: Legal status of the Code,Japan,JPN,2018,No legal measures,,http://apps.who.int/nutrition/landscape/mddetails.aspx?sourcecode=130068
Commitment,International Code on Marketing of Breast-milk Substitutes: Legal status of the Code,Japan,JPN,2020,No legal measures,,http://apps.who.int/nutrition/landscape/mddetails.aspx?sourcecode=325926
Commitment,International Code on Marketing of Breast-milk Substitutes: Legal status of the Code,Jersey,JEY,,No data,,
Commitment,International Code on Marketing of Breast-milk Substitutes: Legal status of the Code,Jordan,JOR,2018,Few provisions in law,,http://apps.who.int/nutrition/landscape/mddetails.aspx?sourcecode=130068
Commitment,International Code on Marketing of Breast-milk Substitutes: Legal status of the Code,Jordan,JOR,2020,Some provisions of the Code included,,http://apps.who.int/nutrition/landscape/mddetails.aspx?sourcecode=325926
Commitment,International Code on Marketing of Breast-milk Substitutes: Legal status of the Code,Kazakhstan,KAZ,2018,Few provisions in law,,http://apps.who.int/nutrition/landscape/mddetails.aspx?sourcecode=130068
Commitment,International Code on Marketing of Breast-milk Substitutes: Legal status of the Code,Kazakhstan,KAZ,2020,Some provisions of the Code included,,http://apps.who.int/nutrition/landscape/mddetails.aspx?sourcecode=325926
Commitment,International Code on Marketing of Breast-milk Substitutes: Legal status of the Code,Kenya,KEN,2018,Many provisions in law,,http://apps.who.int/nutrition/landscape/mddetails.aspx?sourcecode=130068
Commitment,International Code on Marketing of Breast-milk Substitutes: Legal status of the Code,Kenya,KEN,2020,Moderately aligned with the Code,,http://apps.who.int/nutrition/landscape/mddetails.aspx?sourcecode=325926
Commitment,International Code on Marketing of Breast-milk Substitutes: Legal status of the Code,Kiribati,KIR,2018,No legal measures,,http://apps.who.int/nutrition/landscape/mddetails.aspx?sourcecode=130068
Commitment,International Code on Marketing of Breast-milk Substitutes: Legal status of the Code,Kiribati,KIR,2020,Moderately aligned with the Code,,http://apps.who.int/nutrition/landscape/mddetails.aspx?sourcecode=325926
Commitment,International Code on Marketing of Breast-milk Substitutes: Legal status of the Code,Kuwait,KWT,2018,Full provisions in law,,http://apps.who.int/nutrition/landscape/mddetails.aspx?sourcecode=130068
Commitment,International Code on Marketing of Breast-milk Substitutes: Legal status of the Code,Kuwait,KWT,2020,Substantially aligned with the Code,,http://apps.who.int/nutrition/landscape/mddetails.aspx?sourcecode=325926
Commitment,International Code on Marketing of Breast-milk Substitutes: Legal status of the Code,Kyrgyzstan,KGZ,2018,Many provisions in law,,http://apps.who.int/nutrition/landscape/mddetails.aspx?sourcecode=130068
Commitment,International Code on Marketing of Breast-milk Substitutes: Legal status of the Code,Kyrgyzstan,KGZ,2020,Moderately aligned with the Code,,http://apps.who.int/nutrition/landscape/mddetails.aspx?sourcecode=325926
Commitment,International Code on Marketing of Breast-milk Substitutes: Legal status of the Code,Lao People's Democratic Republic,LAO,2018,Few provisions in law,,http://apps.who.int/nutrition/landscape/mddetails.aspx?sourcecode=130068
Commitment,International Code on Marketing of Breast-milk Substitutes: Legal status of the Code,Lao People's Democratic Republic,LAO,2020,Moderately aligned with the Code,,http://apps.who.int/nutrition/landscape/mddetails.aspx?sourcecode=325926
Commitment,International Code on Marketing of Breast-milk Substitutes: Legal status of the Code,Latvia,LVA,2018,Few provisions in law,,http://apps.who.int/nutrition/landscape/mddetails.aspx?sourcecode=130068
Commitment,International Code on Marketing of Breast-milk Substitutes: Legal status of the Code,Latvia,LVA,2020,Some provisions of the Code included,,http://apps.who.int/nutrition/landscape/mddetails.aspx?sourcecode=325926
Commitment,International Code on Marketing of Breast-milk Substitutes: Legal status of the Code,Lebanon,LBN,2018,Full provisions in law,,http://apps.who.int/nutrition/landscape/mddetails.aspx?sourcecode=130068
Commitment,International Code on Marketing of Breast-milk Substitutes: Legal status of the Code,Lebanon,LBN,2020,Substantially aligned with the Code,,http://apps.who.int/nutrition/landscape/mddetails.aspx?sourcecode=325926
Commitment,International Code on Marketing of Breast-milk Substitutes: Legal status of the Code,Lesotho,LSO,2018,No legal measures,,http://apps.who.int/nutrition/landscape/mddetails.aspx?sourcecode=130068
Commitment,International Code on Marketing of Breast-milk Substitutes: Legal status of the Code,Lesotho,LSO,2020,No legal measures,,http://apps.who.int/nutrition/landscape/mddetails.aspx?sourcecode=325926
Commitment,International Code on Marketing of Breast-milk Substitutes: Legal status of the Code,Liberia,LBR,2018,No legal measures,,http://apps.who.int/nutrition/landscape/mddetails.aspx?sourcecode=130068
Commitment,International Code on Marketing of Breast-milk Substitutes: Legal status of the Code,Liberia,LBR,2020,No legal measures,,http://apps.who.int/nutrition/landscape/mddetails.aspx?sourcecode=325926
Commitment,International Code on Marketing of Breast-milk Substitutes: Legal status of the Code,Libya,LBY,2018,No legal measures,,http://apps.who.int/nutrition/landscape/mddetails.aspx?sourcecode=130068
Commitment,International Code on Marketing of Breast-milk Substitutes: Legal status of the Code,Libya,LBY,2020,No legal measures,,http://apps.who.int/nutrition/landscape/mddetails.aspx?sourcecode=325926
Commitment,International Code on Marketing of Breast-milk Substitutes: Legal status of the Code,Liechtenstein,LIE,,No data,,
Commitment,International Code on Marketing of Breast-milk Substitutes: Legal status of the Code,Lithuania,LTU,2018,Few provisions in law,,http://apps.who.int/nutrition/landscape/mddetails.aspx?sourcecode=130068
Commitment,International Code on Marketing of Breast-milk Substitutes: Legal status of the Code,Lithuania,LTU,2020,Some provisions of the Code included,,http://apps.who.int/nutrition/landscape/mddetails.aspx?sourcecode=325926
Commitment,International Code on Marketing of Breast-milk Substitutes: Legal status of the Code,Luxembourg,LUX,2018,Few provisions in law,,http://apps.who.int/nutrition/landscape/mddetails.aspx?sourcecode=130068
Commitment,International Code on Marketing of Breast-milk Substitutes: Legal status of the Code,Luxembourg,LUX,2020,Some provisions of the Code included,,http://apps.who.int/nutrition/landscape/mddetails.aspx?sourcecode=325926
Commitment,International Code on Marketing of Breast-milk Substitutes: Legal status of the Code,Madagascar,MDG,2018,Full provisions in law,,http://apps.who.int/nutrition/landscape/mddetails.aspx?sourcecode=130068
Commitment,International Code on Marketing of Breast-milk Substitutes: Legal status of the Code,Madagascar,MDG,2020,Moderately aligned with the Code,,http://apps.who.int/nutrition/landscape/mddetails.aspx?sourcecode=325926
Commitment,International Code on Marketing of Breast-milk Substitutes: Legal status of the Code,Malawi,MWI,2018,Many provisions in law,,http://apps.who.int/nutrition/landscape/mddetails.aspx?sourcecode=130068
Commitment,International Code on Marketing of Breast-milk Substitutes: Legal status of the Code,Malawi,MWI,2020,Moderately aligned with the Code,,http://apps.who.int/nutrition/landscape/mddetails.aspx?sourcecode=325926
Commitment,International Code on Marketing of Breast-milk Substitutes: Legal status of the Code,Malaysia,MYS,2018,No legal measures,,http://apps.who.int/nutrition/landscape/mddetails.aspx?sourcecode=130068
Commitment,International Code on Marketing of Breast-milk Substitutes: Legal status of the Code,Malaysia,MYS,2020,No legal measures,,http://apps.who.int/nutrition/landscape/mddetails.aspx?sourcecode=325926
Commitment,International Code on Marketing of Breast-milk Substitutes: Legal status of the Code,Maldives,MDV,2018,Full provisions in law,,http://apps.who.int/nutrition/landscape/mddetails.aspx?sourcecode=130068
Commitment,International Code on Marketing of Breast-milk Substitutes: Legal status of the Code,Maldives,MDV,2020,Substantially aligned with the Code,,http://apps.who.int/nutrition/landscape/mddetails.aspx?sourcecode=325926
Commitment,International Code on Marketing of Breast-milk Substitutes: Legal status of the Code,Mali,MLI,2018,Many provisions in law,,http://apps.who.int/nutrition/landscape/mddetails.aspx?sourcecode=130068
Commitment,International Code on Marketing of Breast-milk Substitutes: Legal status of the Code,Mali,MLI,2020,Moderately aligned with the Code,,http://apps.who.int/nutrition/landscape/mddetails.aspx?sourcecode=325926
Commitment,International Code on Marketing of Breast-milk Substitutes: Legal status of the Code,Malta,MLT,2018,Few provisions in law,,http://apps.who.int/nutrition/landscape/mddetails.aspx?sourcecode=130068
Commitment,International Code on Marketing of Breast-milk Substitutes: Legal status of the Code,Malta,MLT,2020,Some provisions of the Code included,,http://apps.who.int/nutrition/landscape/mddetails.aspx?sourcecode=325926
Commitment,International Code on Marketing of Breast-milk Substitutes: Legal status of the Code,Marshall Islands,MHL,2018,No legal measures,,http://apps.who.int/nutrition/landscape/mddetails.aspx?sourcecode=130068
Commitment,International Code on Marketing of Breast-milk Substitutes: Legal status of the Code,Marshall Islands,MHL,2020,No legal measures,,http://apps.who.int/nutrition/landscape/mddetails.aspx?sourcecode=325926
Commitment,International Code on Marketing of Breast-milk Substitutes: Legal status of the Code,Martinique,MTQ,,No data,,
Commitment,International Code on Marketing of Breast-milk Substitutes: Legal status of the Code,Mauritania,MRT,2018,No legal measures,,http://apps.who.int/nutrition/landscape/mddetails.aspx?sourcecode=130068
Commitment,International Code on Marketing of Breast-milk Substitutes: Legal status of the Code,Mauritania,MRT,2020,No legal measures,,http://apps.who.int/nutrition/landscape/mddetails.aspx?sourcecode=325926
Commitment,International Code on Marketing of Breast-milk Substitutes: Legal status of the Code,Mauritius,MUS,2018,No legal measures,,http://apps.who.int/nutrition/landscape/mddetails.aspx?sourcecode=130068
Commitment,International Code on Marketing of Breast-milk Substitutes: Legal status of the Code,Mauritius,MUS,2020,No legal measures,,http://apps.who.int/nutrition/landscape/mddetails.aspx?sourcecode=325926
Commitment,International Code on Marketing of Breast-milk Substitutes: Legal status of the Code,Mayotte,MYT,,No data,,
Commitment,International Code on Marketing of Breast-milk Substitutes: Legal status of the Code,Mexico,MEX,2018,Many provisions in law,,http://apps.who.int/nutrition/landscape/mddetails.aspx?sourcecode=130068
Commitment,International Code on Marketing of Breast-milk Substitutes: Legal status of the Code,Mexico,MEX,2020,Moderately aligned with the Code,,http://apps.who.int/nutrition/landscape/mddetails.aspx?sourcecode=325926
Commitment,International Code on Marketing of Breast-milk Substitutes: Legal status of the Code,Micronesia (Federated States of),FSM,2018,No legal measures,,http://apps.who.int/nutrition/landscape/mddetails.aspx?sourcecode=130068
Commitment,International Code on Marketing of Breast-milk Substitutes: Legal status of the Code,Micronesia (Federated States of),FSM,2020,No legal measures,,http://apps.who.int/nutrition/landscape/mddetails.aspx?sourcecode=325926
Commitment,International Code on Marketing of Breast-milk Substitutes: Legal status of the Code,Monaco,MCO,2018,Few provisions in law,,http://apps.who.int/nutrition/landscape/mddetails.aspx?sourcecode=130068
Commitment,International Code on Marketing of Breast-milk Substitutes: Legal status of the Code,Monaco,MCO,2020,Some provisions of the Code included,,http://apps.who.int/nutrition/landscape/mddetails.aspx?sourcecode=325926
Commitment,International Code on Marketing of Breast-milk Substitutes: Legal status of the Code,Mongolia,MNG,2018,Many provisions in law,,http://apps.who.int/nutrition/landscape/mddetails.aspx?sourcecode=130068
Commitment,International Code on Marketing of Breast-milk Substitutes: Legal status of the Code,Mongolia,MNG,2020,Substantially aligned with the Code,,http://apps.who.int/nutrition/landscape/mddetails.aspx?sourcecode=325926
Commitment,International Code on Marketing of Breast-milk Substitutes: Legal status of the Code,Montenegro,MNE,2018,No legal measures,,http://apps.who.int/nutrition/landscape/mddetails.aspx?sourcecode=130068
Commitment,International Code on Marketing of Breast-milk Substitutes: Legal status of the Code,Montenegro,MNE,2020,No legal measures,,http://apps.who.int/nutrition/landscape/mddetails.aspx?sourcecode=325926
Commitment,International Code on Marketing of Breast-milk Substitutes: Legal status of the Code,Montserrat,MSR,,No data,,
Commitment,International Code on Marketing of Breast-milk Substitutes: Legal status of the Code,Morocco,MAR,2018,No legal measures,,http://apps.who.int/nutrition/landscape/mddetails.aspx?sourcecode=130068
Commitment,International Code on Marketing of Breast-milk Substitutes: Legal status of the Code,Morocco,MAR,2020,No legal measures,,http://apps.who.int/nutrition/landscape/mddetails.aspx?sourcecode=325926
Commitment,International Code on Marketing of Breast-milk Substitutes: Legal status of the Code,Mozambique,MOZ,2018,Full provisions in law,,http://apps.who.int/nutrition/landscape/mddetails.aspx?sourcecode=130068
Commitment,International Code on Marketing of Breast-milk Substitutes: Legal status of the Code,Mozambique,MOZ,2020,Substantially aligned with the Code,,http://apps.who.int/nutrition/landscape/mddetails.aspx?sourcecode=325926
Commitment,International Code on Marketing of Breast-milk Substitutes: Legal status of the Code,Myanmar,MMR,2018,Many provisions in law,,http://apps.who.int/nutrition/landscape/mddetails.aspx?sourcecode=130068
Commitment,International Code on Marketing of Breast-milk Substitutes: Legal status of the Code,Myanmar,MMR,2020,Moderately aligned with the Code,,http://apps.who.int/nutrition/landscape/mddetails.aspx?sourcecode=325926
Commitment,International Code on Marketing of Breast-milk Substitutes: Legal status of the Code,Namibia,NAM,2018,No legal measures,,http://apps.who.int/nutrition/landscape/mddetails.aspx?sourcecode=130068
Commitment,International Code on Marketing of Breast-milk Substitutes: Legal status of the Code,Namibia,NAM,2020,No legal measures,,http://apps.who.int/nutrition/landscape/mddetails.aspx?sourcecode=325926
Commitment,International Code on Marketing of Breast-milk Substitutes: Legal status of the Code,Nauru,NRU,2018,No legal measures,,http://apps.who.int/nutrition/landscape/mddetails.aspx?sourcecode=130068
Commitment,International Code on Marketing of Breast-milk Substitutes: Legal status of the Code,Nauru,NRU,2020,No legal measures,,http://apps.who.int/nutrition/landscape/mddetails.aspx?sourcecode=325926
Commitment,International Code on Marketing of Breast-milk Substitutes: Legal status of the Code,Nepal,NPL,2018,Full provisions in law,,http://apps.who.int/nutrition/landscape/mddetails.aspx?sourcecode=130068
Commitment,International Code on Marketing of Breast-milk Substitutes: Legal status of the Code,Nepal,NPL,2020,Moderately aligned with the Code,,http://apps.who.int/nutrition/landscape/mddetails.aspx?sourcecode=325926
Commitment,International Code on Marketing of Breast-milk Substitutes: Legal status of the Code,Netherlands,NLD,2018,Few provisions in law,,http://apps.who.int/nutrition/landscape/mddetails.aspx?sourcecode=130068
Commitment,International Code on Marketing of Breast-milk Substitutes: Legal status of the Code,Netherlands,NLD,2020,Some provisions of the Code included,,http://apps.who.int/nutrition/landscape/mddetails.aspx?sourcecode=325926
Commitment,International Code on Marketing of Breast-milk Substitutes: Legal status of the Code,New Caledonia,NCL,,No data,,
Commitment,International Code on Marketing of Breast-milk Substitutes: Legal status of the Code,New Zealand,NZL,2018,No legal measures,,http://apps.who.int/nutrition/landscape/mddetails.aspx?sourcecode=130068
Commitment,International Code on Marketing of Breast-milk Substitutes: Legal status of the Code,New Zealand,NZL,2020,No legal measures,,http://apps.who.int/nutrition/landscape/mddetails.aspx?sourcecode=325926
Commitment,International Code on Marketing of Breast-milk Substitutes: Legal status of the Code,Nicaragua,NIC,2018,Few provisions in law,,http://apps.who.int/nutrition/landscape/mddetails.aspx?sourcecode=130068
Commitment,International Code on Marketing of Breast-milk Substitutes: Legal status of the Code,Nicaragua,NIC,2020,Some provisions of the Code included,,http://apps.who.int/nutrition/landscape/mddetails.aspx?sourcecode=325926
Commitment,International Code on Marketing of Breast-milk Substitutes: Legal status of the Code,Niger,NER,2018,Few provisions in law,,http://apps.who.int/nutrition/landscape/mddetails.aspx?sourcecode=130068
Commitment,International Code on Marketing of Breast-milk Substitutes: Legal status of the Code,Niger,NER,2020,Some provisions of the Code included,,http://apps.who.int/nutrition/landscape/mddetails.aspx?sourcecode=325926
Commitment,International Code on Marketing of Breast-milk Substitutes: Legal status of the Code,Nigeria,NGA,2018,Many provisions in law,,http://apps.who.int/nutrition/landscape/mddetails.aspx?sourcecode=130068
Commitment,International Code on Marketing of Breast-milk Substitutes: Legal status of the Code,Nigeria,NGA,2020,Substantially aligned with the Code,,http://apps.who.int/nutrition/landscape/mddetails.aspx?sourcecode=325926
Commitment,International Code on Marketing of Breast-milk Substitutes: Legal status of the Code,Niue,NIU,2018,No legal measures,,http://apps.who.int/nutrition/landscape/mddetails.aspx?sourcecode=130068
Commitment,International Code on Marketing of Breast-milk Substitutes: Legal status of the Code,Niue,NIU,2020,No legal measures,,http://apps.who.int/nutrition/landscape/mddetails.aspx?sourcecode=325926
Commitment,International Code on Marketing of Breast-milk Substitutes: Legal status of the Code,Norfolk Island,NFK,,No data,,
Commitment,International Code on Marketing of Breast-milk Substitutes: Legal status of the Code,North Macedonia,MKD,2018,Few provisions in law,,http://apps.who.int/nutrition/landscape/mddetails.aspx?sourcecode=130068
Commitment,International Code on Marketing of Breast-milk Substitutes: Legal status of the Code,North Macedonia,MKD,2020,Some provisions of the Code included,,http://apps.who.int/nutrition/landscape/mddetails.aspx?sourcecode=325926
Commitment,International Code on Marketing of Breast-milk Substitutes: Legal status of the Code,Northern Mariana Islands,MNP,,No data,,
Commitment,International Code on Marketing of Breast-milk Substitutes: Legal status of the Code,Norway,NOR,2018,Few provisions in law,,http://apps.who.int/nutrition/landscape/mddetails.aspx?sourcecode=130068
Commitment,International Code on Marketing of Breast-milk Substitutes: Legal status of the Code,Norway,NOR,2020,Some provisions of the Code included,,http://apps.who.int/nutrition/landscape/mddetails.aspx?sourcecode=325926
Commitment,International Code on Marketing of Breast-milk Substitutes: Legal status of the Code,"occupied Palestinian territory, including east Jerusalem",PSE,,No data,,
Commitment,International Code on Marketing of Breast-milk Substitutes: Legal status of the Code,Oman,OMN,2018,Few provisions in law,,http://apps.who.int/nutrition/landscape/mddetails.aspx?sourcecode=130068
Commitment,International Code on Marketing of Breast-milk Substitutes: Legal status of the Code,Oman,OMN,2020,Some provisions of the Code included,,http://apps.who.int/nutrition/landscape/mddetails.aspx?sourcecode=325926
Commitment,International Code on Marketing of Breast-milk Substitutes: Legal status of the Code,Pakistan,PAK,2018,Full provisions in law,,http://apps.who.int/nutrition/landscape/mddetails.aspx?sourcecode=130068
Commitment,International Code on Marketing of Breast-milk Substitutes: Legal status of the Code,Pakistan,PAK,2020,Moderately aligned with the Code,,http://apps.who.int/nutrition/landscape/mddetails.aspx?sourcecode=325926
Commitment,International Code on Marketing of Breast-milk Substitutes: Legal status of the Code,Palau,PLW,2018,Full provisions in law,,http://apps.who.int/nutrition/landscape/mddetails.aspx?sourcecode=130068
Commitment,International Code on Marketing of Breast-milk Substitutes: Legal status of the Code,Palau,PLW,2020,Substantially aligned with the Code,,http://apps.who.int/nutrition/landscape/mddetails.aspx?sourcecode=325926
Commitment,International Code on Marketing of Breast-milk Substitutes: Legal status of the Code,Panama,PAN,2018,Full provisions in law,,http://apps.who.int/nutrition/landscape/mddetails.aspx?sourcecode=130068
Commitment,International Code on Marketing of Breast-milk Substitutes: Legal status of the Code,Panama,PAN,2020,Substantially aligned with the Code,,http://apps.who.int/nutrition/landscape/mddetails.aspx?sourcecode=325926
Commitment,International Code on Marketing of Breast-milk Substitutes: Legal status of the Code,Papua New Guinea,PNG,2018,Few provisions in law,,http://apps.who.int/nutrition/landscape/mddetails.aspx?sourcecode=130068
Commitment,International Code on Marketing of Breast-milk Substitutes: Legal status of the Code,Papua New Guinea,PNG,2020,Some provisions of the Code included,,http://apps.who.int/nutrition/landscape/mddetails.aspx?sourcecode=325926
Commitment,International Code on Marketing of Breast-milk Substitutes: Legal status of the Code,Paraguay,PRY,2018,Few provisions in law,,http://apps.who.int/nutrition/landscape/mddetails.aspx?sourcecode=130068
Commitment,International Code on Marketing of Breast-milk Substitutes: Legal status of the Code,Paraguay,PRY,2020,Some provisions of the Code included,,http://apps.who.int/nutrition/landscape/mddetails.aspx?sourcecode=325926
Commitment,International Code on Marketing of Breast-milk Substitutes: Legal status of the Code,Peru,PER,2018,Full provisions in law,,http://apps.who.int/nutrition/landscape/mddetails.aspx?sourcecode=130068
Commitment,International Code on Marketing of Breast-milk Substitutes: Legal status of the Code,Peru,PER,2020,Moderately aligned with the Code,,http://apps.who.int/nutrition/landscape/mddetails.aspx?sourcecode=325926
Commitment,International Code on Marketing of Breast-milk Substitutes: Legal status of the Code,Philippines,PHL,2018,Full provisions in law,,http://apps.who.int/nutrition/landscape/mddetails.aspx?sourcecode=130068
Commitment,International Code on Marketing of Breast-milk Substitutes: Legal status of the Code,Philippines,PHL,2020,Substantially aligned with the Code,,http://apps.who.int/nutrition/landscape/mddetails.aspx?sourcecode=325926
Commitment,International Code on Marketing of Breast-milk Substitutes: Legal status of the Code,Pitcairn,PCN,,No data,,
Commitment,International Code on Marketing of Breast-milk Substitutes: Legal status of the Code,Poland,POL,2018,Few provisions in law,,http://apps.who.int/nutrition/landscape/mddetails.aspx?sourcecode=130068
Commitment,International Code on Marketing of Breast-milk Substitutes: Legal status of the Code,Poland,POL,2020,Some provisions of the Code included,,http://apps.who.int/nutrition/landscape/mddetails.aspx?sourcecode=325926
Commitment,International Code on Marketing of Breast-milk Substitutes: Legal status of the Code,Portugal,PRT,2018,Few provisions in law,,http://apps.who.int/nutrition/landscape/mddetails.aspx?sourcecode=130068
Commitment,International Code on Marketing of Breast-milk Substitutes: Legal status of the Code,Portugal,PRT,2020,Some provisions of the Code included,,http://apps.who.int/nutrition/landscape/mddetails.aspx?sourcecode=325926
Commitment,International Code on Marketing of Breast-milk Substitutes: Legal status of the Code,Puerto Rico,PRI,,No data,,
Commitment,International Code on Marketing of Breast-milk Substitutes: Legal status of the Code,Qatar,QAT,2018,No legal measures,,http://apps.who.int/nutrition/landscape/mddetails.aspx?sourcecode=130068
Commitment,International Code on Marketing of Breast-milk Substitutes: Legal status of the Code,Qatar,QAT,2020,No legal measures,,http://apps.who.int/nutrition/landscape/mddetails.aspx?sourcecode=325926
Commitment,International Code on Marketing of Breast-milk Substitutes: Legal status of the Code,Republic of Korea,KOR,2018,Few provisions in law,,http://apps.who.int/nutrition/landscape/mddetails.aspx?sourcecode=130068
Commitment,International Code on Marketing of Breast-milk Substitutes: Legal status of the Code,Republic of Korea,KOR,2020,Some provisions of the Code included,,http://apps.who.int/nutrition/landscape/mddetails.aspx?sourcecode=325926
Commitment,International Code on Marketing of Breast-milk Substitutes: Legal status of the Code,Republic of Moldova,MDA,2018,Few provisions in law,,http://apps.who.int/nutrition/landscape/mddetails.aspx?sourcecode=130068
Commitment,International Code on Marketing of Breast-milk Substitutes: Legal status of the Code,Republic of Moldova,MDA,2020,Some provisions of the Code included,,http://apps.who.int/nutrition/landscape/mddetails.aspx?sourcecode=325926
Commitment,International Code on Marketing of Breast-milk Substitutes: Legal status of the Code,Réunion,REU,,No data,,
Commitment,International Code on Marketing of Breast-milk Substitutes: Legal status of the Code,Romania,ROU,2018,Few provisions in law,,http://apps.who.int/nutrition/landscape/mddetails.aspx?sourcecode=130068
Commitment,International Code on Marketing of Breast-milk Substitutes: Legal status of the Code,Romania,ROU,2020,Some provisions of the Code included,,http://apps.who.int/nutrition/landscape/mddetails.aspx?sourcecode=325926
Commitment,International Code on Marketing of Breast-milk Substitutes: Legal status of the Code,Russian Federation,RUS,2018,Few provisions in law,,http://apps.who.int/nutrition/landscape/mddetails.aspx?sourcecode=130068
Commitment,International Code on Marketing of Breast-milk Substitutes: Legal status of the Code,Russian Federation,RUS,2020,Some provisions of the Code included,,http://apps.who.int/nutrition/landscape/mddetails.aspx?sourcecode=325926
Commitment,International Code on Marketing of Breast-milk Substitutes: Legal status of the Code,Rwanda,RWA,2018,Many provisions in law,,http://apps.who.int/nutrition/landscape/mddetails.aspx?sourcecode=130068
Commitment,International Code on Marketing of Breast-milk Substitutes: Legal status of the Code,Rwanda,RWA,2020,Some provisions of the Code included,,http://apps.who.int/nutrition/landscape/mddetails.aspx?sourcecode=325926
Commitment,International Code on Marketing of Breast-milk Substitutes: Legal status of the Code,Saint Barthélemy,BLM,,No data,,
Commitment,International Code on Marketing of Breast-milk Substitutes: Legal status of the Code,Saint Helena,SHN,,No data,,
Commitment,International Code on Marketing of Breast-milk Substitutes: Legal status of the Code,Saint Kitts and Nevis,KNA,2018,No legal measures,,http://apps.who.int/nutrition/landscape/mddetails.aspx?sourcecode=130068
Commitment,International Code on Marketing of Breast-milk Substitutes: Legal status of the Code,Saint Kitts and Nevis,KNA,2020,No legal measures,,http://apps.who.int/nutrition/landscape/mddetails.aspx?sourcecode=325926
Commitment,International Code on Marketing of Breast-milk Substitutes: Legal status of the Code,Saint Lucia,LCA,2018,No legal measures,,http://apps.who.int/nutrition/landscape/mddetails.aspx?sourcecode=130068
Commitment,International Code on Marketing of Breast-milk Substitutes: Legal status of the Code,Saint Lucia,LCA,2020,No legal measures,,http://apps.who.int/nutrition/landscape/mddetails.aspx?sourcecode=325926
Commitment,International Code on Marketing of Breast-milk Substitutes: Legal status of the Code,Saint Martin (French part),MAF,,No data,,
Commitment,International Code on Marketing of Breast-milk Substitutes: Legal status of the Code,Saint Pierre and Miquelon,SPM,,No data,,
Commitment,International Code on Marketing of Breast-milk Substitutes: Legal status of the Code,Saint Vincent and the Grenadines,VCT,2018,No legal measures,,http://apps.who.int/nutrition/landscape/mddetails.aspx?sourcecode=130068
Commitment,International Code on Marketing of Breast-milk Substitutes: Legal status of the Code,Saint Vincent and the Grenadines,VCT,2020,No legal measures,,http://apps.who.int/nutrition/landscape/mddetails.aspx?sourcecode=325926
Commitment,International Code on Marketing of Breast-milk Substitutes: Legal status of the Code,Samoa,WSM,2018,No legal measures,,http://apps.who.int/nutrition/landscape/mddetails.aspx?sourcecode=130068
Commitment,International Code on Marketing of Breast-milk Substitutes: Legal status of the Code,Samoa,WSM,2020,No legal measures,,http://apps.who.int/nutrition/landscape/mddetails.aspx?sourcecode=325926
Commitment,International Code on Marketing of Breast-milk Substitutes: Legal status of the Code,San Marino,SMR,2018,Few provisions in law,,http://apps.who.int/nutrition/landscape/mddetails.aspx?sourcecode=130068
Commitment,International Code on Marketing of Breast-milk Substitutes: Legal status of the Code,San Marino,SMR,2020,Some provisions of the Code included,,http://apps.who.int/nutrition/landscape/mddetails.aspx?sourcecode=325926
Commitment,International Code on Marketing of Breast-milk Substitutes: Legal status of the Code,Sao Tome and Principe,STP,2018,No legal measures,,http://apps.who.int/nutrition/landscape/mddetails.aspx?sourcecode=130068
Commitment,International Code on Marketing of Breast-milk Substitutes: Legal status of the Code,Sao Tome and Principe,STP,2020,No legal measures,,http://apps.who.int/nutrition/landscape/mddetails.aspx?sourcecode=325926
Commitment,International Code on Marketing of Breast-milk Substitutes: Legal status of the Code,Saudi Arabia,SAU,2018,Many provisions in law,,http://apps.who.int/nutrition/landscape/mddetails.aspx?sourcecode=130068
Commitment,International Code on Marketing of Breast-milk Substitutes: Legal status of the Code,Saudi Arabia,SAU,2020,Substantially aligned with the Code,,http://apps.who.int/nutrition/landscape/mddetails.aspx?sourcecode=325926
Commitment,International Code on Marketing of Breast-milk Substitutes: Legal status of the Code,Senegal,SEN,2018,Few provisions in law,,http://apps.who.int/nutrition/landscape/mddetails.aspx?sourcecode=130068
Commitment,International Code on Marketing of Breast-milk Substitutes: Legal status of the Code,Senegal,SEN,2020,Some provisions of the Code included,,http://apps.who.int/nutrition/landscape/mddetails.aspx?sourcecode=325926
Commitment,International Code on Marketing of Breast-milk Substitutes: Legal status of the Code,Serbia,SRB,2018,Many provisions in law,,http://apps.who.int/nutrition/landscape/mddetails.aspx?sourcecode=130068
Commitment,International Code on Marketing of Breast-milk Substitutes: Legal status of the Code,Serbia,SRB,2020,Some provisions of the Code included,,http://apps.who.int/nutrition/landscape/mddetails.aspx?sourcecode=325926
Commitment,International Code on Marketing of Breast-milk Substitutes: Legal status of the Code,Seychelles,SYC,2018,Few provisions in law,,http://apps.who.int/nutrition/landscape/mddetails.aspx?sourcecode=130068
Commitment,International Code on Marketing of Breast-milk Substitutes: Legal status of the Code,Seychelles,SYC,2020,Some provisions of the Code included,,http://apps.who.int/nutrition/landscape/mddetails.aspx?sourcecode=325926
Commitment,International Code on Marketing of Breast-milk Substitutes: Legal status of the Code,Sierra Leone,SLE,2018,No legal measures,,http://apps.who.int/nutrition/landscape/mddetails.aspx?sourcecode=130068
Commitment,International Code on Marketing of Breast-milk Substitutes: Legal status of the Code,Sierra Leone,SLE,2020,No legal measures,,http://apps.who.int/nutrition/landscape/mddetails.aspx?sourcecode=325926
Commitment,International Code on Marketing of Breast-milk Substitutes: Legal status of the Code,Singapore,SGP,2018,No legal measures,,http://apps.who.int/nutrition/landscape/mddetails.aspx?sourcecode=130068
Commitment,International Code on Marketing of Breast-milk Substitutes: Legal status of the Code,Singapore,SGP,2020,No legal measures,,http://apps.who.int/nutrition/landscape/mddetails.aspx?sourcecode=325926
Commitment,International Code on Marketing of Breast-milk Substitutes: Legal status of the Code,Sint Maarten (Dutch part),SXM,,No data,,
Commitment,International Code on Marketing of Breast-milk Substitutes: Legal status of the Code,Slovakia,SVK,2018,Few provisions in law,,http://apps.who.int/nutrition/landscape/mddetails.aspx?sourcecode=130068
Commitment,International Code on Marketing of Breast-milk Substitutes: Legal status of the Code,Slovakia,SVK,2020,Some provisions of the Code included,,http://apps.who.int/nutrition/landscape/mddetails.aspx?sourcecode=325926
Commitment,International Code on Marketing of Breast-milk Substitutes: Legal status of the Code,Slovenia,SVN,2018,Few provisions in law,,http://apps.who.int/nutrition/landscape/mddetails.aspx?sourcecode=130068
Commitment,International Code on Marketing of Breast-milk Substitutes: Legal status of the Code,Slovenia,SVN,2020,Some provisions of the Code included,,http://apps.who.int/nutrition/landscape/mddetails.aspx?sourcecode=325926
Commitment,International Code on Marketing of Breast-milk Substitutes: Legal status of the Code,Solomon Islands,SLB,2018,Few provisions in law,,http://apps.who.int/nutrition/landscape/mddetails.aspx?sourcecode=130068
Commitment,International Code on Marketing of Breast-milk Substitutes: Legal status of the Code,Solomon Islands,SLB,2020,Moderately aligned with the Code,,http://apps.who.int/nutrition/landscape/mddetails.aspx?sourcecode=325926
Commitment,International Code on Marketing of Breast-milk Substitutes: Legal status of the Code,Somalia,SOM,2018,No legal measures,,http://apps.who.int/nutrition/landscape/mddetails.aspx?sourcecode=130068
Commitment,International Code on Marketing of Breast-milk Substitutes: Legal status of the Code,Somalia,SOM,2020,No legal measures,,http://apps.who.int/nutrition/landscape/mddetails.aspx?sourcecode=325926
Commitment,International Code on Marketing of Breast-milk Substitutes: Legal status of the Code,South Africa,ZAF,2018,Full provisions in law,,http://apps.who.int/nutrition/landscape/mddetails.aspx?sourcecode=130068
Commitment,International Code on Marketing of Breast-milk Substitutes: Legal status of the Code,South Africa,ZAF,2020,Substantially aligned with the Code,,http://apps.who.int/nutrition/landscape/mddetails.aspx?sourcecode=325926
Commitment,International Code on Marketing of Breast-milk Substitutes: Legal status of the Code,South Georgia and the South Sandwich Islands,SGS,,No data,,
Commitment,International Code on Marketing of Breast-milk Substitutes: Legal status of the Code,South Sudan,SSD,2018,No legal measures,,http://apps.who.int/nutrition/landscape/mddetails.aspx?sourcecode=130068
Commitment,International Code on Marketing of Breast-milk Substitutes: Legal status of the Code,South Sudan,SSD,2020,No legal measures,,http://apps.who.int/nutrition/landscape/mddetails.aspx?sourcecode=325926
Commitment,International Code on Marketing of Breast-milk Substitutes: Legal status of the Code,Spain,ESP,2018,Few provisions in law,,http://apps.who.int/nutrition/landscape/mddetails.aspx?sourcecode=130068
Commitment,International Code on Marketing of Breast-milk Substitutes: Legal status of the Code,Spain,ESP,2020,Some provisions of the Code included,,http://apps.who.int/nutrition/landscape/mddetails.aspx?sourcecode=325926
Commitment,International Code on Marketing of Breast-milk Substitutes: Legal status of the Code,Sri Lanka,LKA,2018,Full provisions in law,,http://apps.who.int/nutrition/landscape/mddetails.aspx?sourcecode=130068
Commitment,International Code on Marketing of Breast-milk Substitutes: Legal status of the Code,Sri Lanka,LKA,2020,Moderately aligned with the Code,,http://apps.who.int/nutrition/landscape/mddetails.aspx?sourcecode=325926
Commitment,International Code on Marketing of Breast-milk Substitutes: Legal status of the Code,Sudan,SDN,2018,Few provisions in law,,http://apps.who.int/nutrition/landscape/mddetails.aspx?sourcecode=130068
Commitment,International Code on Marketing of Breast-milk Substitutes: Legal status of the Code,Sudan,SDN,2020,Some provisions of the Code included,,http://apps.who.int/nutrition/landscape/mddetails.aspx?sourcecode=325926
Commitment,International Code on Marketing of Breast-milk Substitutes: Legal status of the Code,Suriname,SUR,2018,No legal measures,,http://apps.who.int/nutrition/landscape/mddetails.aspx?sourcecode=130068
Commitment,International Code on Marketing of Breast-milk Substitutes: Legal status of the Code,Suriname,SUR,2020,No legal measures,,http://apps.who.int/nutrition/landscape/mddetails.aspx?sourcecode=325926
Commitment,International Code on Marketing of Breast-milk Substitutes: Legal status of the Code,Svalbard and Jan Mayen,SJM,,No data,,
Commitment,International Code on Marketing of Breast-milk Substitutes: Legal status of the Code,Sweden,SWE,2018,Few provisions in law,,http://apps.who.int/nutrition/landscape/mddetails.aspx?sourcecode=130068
Commitment,International Code on Marketing of Breast-milk Substitutes: Legal status of the Code,Sweden,SWE,2020,Some provisions of the Code included,,http://apps.who.int/nutrition/landscape/mddetails.aspx?sourcecode=325926
Commitment,International Code on Marketing of Breast-milk Substitutes: Legal status of the Code,Switzerland,CHE,2018,Few provisions in law,,http://apps.who.int/nutrition/landscape/mddetails.aspx?sourcecode=130068
Commitment,International Code on Marketing of Breast-milk Substitutes: Legal status of the Code,Switzerland,CHE,2020,Some provisions of the Code included,,http://apps.who.int/nutrition/landscape/mddetails.aspx?sourcecode=325926
Commitment,International Code on Marketing of Breast-milk Substitutes: Legal status of the Code,Syrian Arab Republic,SYR,2018,Many provisions in law,,http://apps.who.int/nutrition/landscape/mddetails.aspx?sourcecode=130068
Commitment,International Code on Marketing of Breast-milk Substitutes: Legal status of the Code,Syrian Arab Republic,SYR,2020,Moderately aligned with the Code,,http://apps.who.int/nutrition/landscape/mddetails.aspx?sourcecode=325926
Commitment,International Code on Marketing of Breast-milk Substitutes: Legal status of the Code,Tajikistan,TJK,2018,Many provisions in law,,http://apps.who.int/nutrition/landscape/mddetails.aspx?sourcecode=130068
Commitment,International Code on Marketing of Breast-milk Substitutes: Legal status of the Code,Tajikistan,TJK,2020,Moderately aligned with the Code,,http://apps.who.int/nutrition/landscape/mddetails.aspx?sourcecode=325926
Commitment,International Code on Marketing of Breast-milk Substitutes: Legal status of the Code,Thailand,THA,2018,Many provisions in law,,http://apps.who.int/nutrition/landscape/mddetails.aspx?sourcecode=130068
Commitment,International Code on Marketing of Breast-milk Substitutes: Legal status of the Code,Thailand,THA,2020,Moderately aligned with the Code,,http://apps.who.int/nutrition/landscape/mddetails.aspx?sourcecode=325926
Commitment,International Code on Marketing of Breast-milk Substitutes: Legal status of the Code,Timor-Leste,TLS,2018,No legal measures,,http://apps.who.int/nutrition/landscape/mddetails.aspx?sourcecode=130068
Commitment,International Code on Marketing of Breast-milk Substitutes: Legal status of the Code,Timor-Leste,TLS,2020,No legal measures,,http://apps.who.int/nutrition/landscape/mddetails.aspx?sourcecode=325926
Commitment,International Code on Marketing of Breast-milk Substitutes: Legal status of the Code,Togo,TGO,2018,No legal measures,,http://apps.who.int/nutrition/landscape/mddetails.aspx?sourcecode=130068
Commitment,International Code on Marketing of Breast-milk Substitutes: Legal status of the Code,Togo,TGO,2020,No legal measures,,http://apps.who.int/nutrition/landscape/mddetails.aspx?sourcecode=325926
Commitment,International Code on Marketing of Breast-milk Substitutes: Legal status of the Code,Tokelau,TKL,,No data,,
Commitment,International Code on Marketing of Breast-milk Substitutes: Legal status of the Code,Tonga,TON,2018,No legal measures,,http://apps.who.int/nutrition/landscape/mddetails.aspx?sourcecode=130068
Commitment,International Code on Marketing of Breast-milk Substitutes: Legal status of the Code,Tonga,TON,2020,No legal measures,,http://apps.who.int/nutrition/landscape/mddetails.aspx?sourcecode=325926
Commitment,International Code on Marketing of Breast-milk Substitutes: Legal status of the Code,Trinidad and Tobago,TTO,2018,Few provisions in law,,http://apps.who.int/nutrition/landscape/mddetails.aspx?sourcecode=130068
Commitment,International Code on Marketing of Breast-milk Substitutes: Legal status of the Code,Trinidad and Tobago,TTO,2020,Some provisions of the Code included,,http://apps.who.int/nutrition/landscape/mddetails.aspx?sourcecode=325926
Commitment,International Code on Marketing of Breast-milk Substitutes: Legal status of the Code,Tunisia,TUN,2018,Many provisions in law,,http://apps.who.int/nutrition/landscape/mddetails.aspx?sourcecode=130068
Commitment,International Code on Marketing of Breast-milk Substitutes: Legal status of the Code,Tunisia,TUN,2020,Moderately aligned with the Code,,http://apps.who.int/nutrition/landscape/mddetails.aspx?sourcecode=325926
Commitment,International Code on Marketing of Breast-milk Substitutes: Legal status of the Code,Turkey,TUR,2018,Few provisions in law,,http://apps.who.int/nutrition/landscape/mddetails.aspx?sourcecode=130068
Commitment,International Code on Marketing of Breast-milk Substitutes: Legal status of the Code,Turkey,TUR,2020,Some provisions of the Code included,,http://apps.who.int/nutrition/landscape/mddetails.aspx?sourcecode=325926
Commitment,International Code on Marketing of Breast-milk Substitutes: Legal status of the Code,Turkmenistan,TKM,2018,Few provisions in law,,http://apps.who.int/nutrition/landscape/mddetails.aspx?sourcecode=130068
Commitment,International Code on Marketing of Breast-milk Substitutes: Legal status of the Code,Turkmenistan,TKM,2020,Some provisions of the Code included,,http://apps.who.int/nutrition/landscape/mddetails.aspx?sourcecode=325926
Commitment,International Code on Marketing of Breast-milk Substitutes: Legal status of the Code,Turks and Caicos Islands,TCA,,No data,,
Commitment,International Code on Marketing of Breast-milk Substitutes: Legal status of the Code,Tuvalu,TUV,2018,No legal measures,,http://apps.who.int/nutrition/landscape/mddetails.aspx?sourcecode=130068
Commitment,International Code on Marketing of Breast-milk Substitutes: Legal status of the Code,Tuvalu,TUV,2020,No legal measures,,http://apps.who.int/nutrition/landscape/mddetails.aspx?sourcecode=325926
Commitment,International Code on Marketing of Breast-milk Substitutes: Legal status of the Code,Uganda,UGA,2018,Full provisions in law,,http://apps.who.int/nutrition/landscape/mddetails.aspx?sourcecode=130068
Commitment,International Code on Marketing of Breast-milk Substitutes: Legal status of the Code,Uganda,UGA,2020,Substantially aligned with the Code,,http://apps.who.int/nutrition/landscape/mddetails.aspx?sourcecode=325926
Commitment,International Code on Marketing of Breast-milk Substitutes: Legal status of the Code,Ukraine,UKR,2018,Few provisions in law,,http://apps.who.int/nutrition/landscape/mddetails.aspx?sourcecode=130068
Commitment,International Code on Marketing of Breast-milk Substitutes: Legal status of the Code,Ukraine,UKR,2020,Some provisions of the Code included,,http://apps.who.int/nutrition/landscape/mddetails.aspx?sourcecode=325926
Commitment,International Code on Marketing of Breast-milk Substitutes: Legal status of the Code,United Arab Emirates,ARE,2018,Few provisions in law,,http://apps.who.int/nutrition/landscape/mddetails.aspx?sourcecode=130068
Commitment,International Code on Marketing of Breast-milk Substitutes: Legal status of the Code,United Arab Emirates,ARE,2020,Substantially aligned with the Code,,http://apps.who.int/nutrition/landscape/mddetails.aspx?sourcecode=325926
Commitment,International Code on Marketing of Breast-milk Substitutes: Legal status of the Code,United Kingdom of Great Britain and Northern Ireland,GBR,2018,Few provisions in law,,http://apps.who.int/nutrition/landscape/mddetails.aspx?sourcecode=130068
Commitment,International Code on Marketing of Breast-milk Substitutes: Legal status of the Code,United Kingdom of Great Britain and Northern Ireland,GBR,2020,Some provisions of the Code included,,http://apps.who.int/nutrition/landscape/mddetails.aspx?sourcecode=325926
Commitment,International Code on Marketing of Breast-milk Substitutes: Legal status of the Code,United Republic of Tanzania,TZA,2018,Full provisions in law,,http://apps.who.int/nutrition/landscape/mddetails.aspx?sourcecode=130068
Commitment,International Code on Marketing of Breast-milk Substitutes: Legal status of the Code,United Republic of Tanzania,TZA,2020,Substantially aligned with the Code,,http://apps.who.int/nutrition/landscape/mddetails.aspx?sourcecode=325926
Commitment,International Code on Marketing of Breast-milk Substitutes: Legal status of the Code,United States Minor Outlying Islands,UMI,,No data,,
Commitment,International Code on Marketing of Breast-milk Substitutes: Legal status of the Code,United States of America,USA,2018,No legal measures,,http://apps.who.int/nutrition/landscape/mddetails.aspx?sourcecode=130068
Commitment,International Code on Marketing of Breast-milk Substitutes: Legal status of the Code,United States of America,USA,2020,No legal measures,,http://apps.who.int/nutrition/landscape/mddetails.aspx?sourcecode=325926
Commitment,International Code on Marketing of Breast-milk Substitutes: Legal status of the Code,United States Virgin Islands,VIR,,No data,,
Commitment,International Code on Marketing of Breast-milk Substitutes: Legal status of the Code,Uruguay,URY,2018,Few provisions in law,,http://apps.who.int/nutrition/landscape/mddetails.aspx?sourcecode=130068
Commitment,International Code on Marketing of Breast-milk Substitutes: Legal status of the Code,Uruguay,URY,2020,Some provisions of the Code included,,http://apps.who.int/nutrition/landscape/mddetails.aspx?sourcecode=325926
Commitment,International Code on Marketing of Breast-milk Substitutes: Legal status of the Code,Uzbekistan,UZB,2018,Few provisions in law,,http://apps.who.int/nutrition/landscape/mddetails.aspx?sourcecode=130068
Commitment,International Code on Marketing of Breast-milk Substitutes: Legal status of the Code,Uzbekistan,UZB,2020,Some provisions of the Code included,,http://apps.who.int/nutrition/landscape/mddetails.aspx?sourcecode=325926
Commitment,International Code on Marketing of Breast-milk Substitutes: Legal status of the Code,Vanuatu,VUT,2018,No legal measures,,http://apps.who.int/nutrition/landscape/mddetails.aspx?sourcecode=130068
Commitment,International Code on Marketing of Breast-milk Substitutes: Legal status of the Code,Vanuatu,VUT,2020,No legal measures,,http://apps.who.int/nutrition/landscape/mddetails.aspx?sourcecode=325926
Commitment,International Code on Marketing of Breast-milk Substitutes: Legal status of the Code,Venezuela (Bolivarian Republic of),VEN,2018,Full provisions in law,,http://apps.who.int/nutrition/landscape/mddetails.aspx?sourcecode=130068
Commitment,International Code on Marketing of Breast-milk Substitutes: Legal status of the Code,Venezuela (Bolivarian Republic of),VEN,2020,Moderately aligned with the Code,,http://apps.who.int/nutrition/landscape/mddetails.aspx?sourcecode=325926
Commitment,International Code on Marketing of Breast-milk Substitutes: Legal status of the Code,Viet Nam,VNM,2018,Full provisions in law,,http://apps.who.int/nutrition/landscape/mddetails.aspx?sourcecode=130068
Commitment,International Code on Marketing of Breast-milk Substitutes: Legal status of the Code,Viet Nam,VNM,2020,Moderately aligned with the Code,,http://apps.who.int/nutrition/landscape/mddetails.aspx?sourcecode=325926
Commitment,International Code on Marketing of Breast-milk Substitutes: Legal status of the Code,Wallis and Futuna,WLF,,No data,,
Commitment,International Code on Marketing of Breast-milk Substitutes: Legal status of the Code,Western Sahara,ESH,,No data,,
Commitment,International Code on Marketing of Breast-milk Substitutes: Legal status of the Code,Yemen,YEM,2018,Full provisions in law,,http://apps.who.int/nutrition/landscape/mddetails.aspx?sourcecode=130068
Commitment,International Code on Marketing of Breast-milk Substitutes: Legal status of the Code,Yemen,YEM,2020,Moderately aligned with the Code,,http://apps.who.int/nutrition/landscape/mddetails.aspx?sourcecode=325926
Commitment,International Code on Marketing of Breast-milk Substitutes: Legal status of the Code,Zambia,ZMB,2018,Many provisions in law,,http://apps.who.int/nutrition/landscape/mddetails.aspx?sourcecode=130068
Commitment,International Code on Marketing of Breast-milk Substitutes: Legal status of the Code,Zambia,ZMB,2020,Moderately aligned with the Code,,http://apps.who.int/nutrition/landscape/mddetails.aspx?sourcecode=325926
Commitment,International Code on Marketing of Breast-milk Substitutes: Legal status of the Code,Zimbabwe,ZWE,2018,Full provisions in law,,http://apps.who.int/nutrition/landscape/mddetails.aspx?sourcecode=130068
Commitment,International Code on Marketing of Breast-milk Substitutes: Legal status of the Code,Zimbabwe,ZWE,2020,Substantially aligned with the Code,,http://apps.who.int/nutrition/landscape/mddetails.aspx?sourcecode=325926
